Outros1,Nome,Outros2,Outros3,CPF,End
Yuri wada,123456,Rua abb,fkfjfl
Wada yuri,654321,Rua aab,lfkfjf
Hirono imokuti,123546,Rua aac,ldkdjd
Imokuti hirono,654320,Rua aad,pqowie
Bob,444,Eco St,lkhkjghglkjhl
Chris,333,Alpha St,mnbmbmkhgjgh
Alice,222,Delta St,ituwriquerquiy
Ester,111,Charlie St,yigjhfuyfu
Daniel,555,Beta St,hgdasjhgaeyt
Grace,888,Foxtrot St,zxczxcvzxc
Hannah,999,Golf St,qwertyuiop
Ian,777,Hotel St,asdfghjkl
Jack,666,India St,zxcvbnmasd
Karen,111111,Juliet St,poiuytrewq
Larry,222222,Kilo St,mnbvcxzlkj
Megan,333333,Lima St,rfvgbhnjm
Nina,444444,Mike St,tgbhnmrfvf
Oscar,555555,November St,edcwsxedc
Paula,666666,Oscar St,rfvtgbnhy
Quincy,777777,Papa St,tgyhnbvfrd
Rachel,888888,Quebec St,wsxedcrfv
Steve,999999,Romeo St,zxcvbnmtyu
Tom,101010,Tango St,qazwsxedcr
Uma,202020,Uniform St,lokmjinhuy
Victor,303030,Victor St,qawsedrftg
Wendy,404040,Whiskey St,mncbvcxzlk
Xavier,505050,X-ray St,nmrfvgbhyt
Yvonne,606060,Yankee St,olkjhgfdsz
Zara,707070,Zulu St,zxcvbnmkloi
Aaron,1111111,Aaron St,qwervbnbgf
Betty,2222222,Betty St,asdfghyuio
Charlie,3333333,Charlie St,tyuioasdgh
Diana,4444444,Diana St,mnbvcasdfg
Edward,5555555,Edward St,oplkjhytgr
Fiona,6666666,Fiona St,zxcvtyuios
George,7777777,George St,bnmrfvgbhn
Harold,8888888,Harold St,qaedrfvtyu
Isabella,9999999,Isabella St,lokijuhygt
Jacob,10101010,Jacob St,mnbvcxzerty
